Nr parc,Nr inmatriculare,An fabricatie,Subtip,Depou,Observatii,Tip
401,B-09449,2007,Bucur LF - CH,Dude?ti,Singurul tramvai gri din Bucure?ti,Bucur LF
402,B-10011,2011,Bucur LF - CH,Dude?ti,-,Bucur LF
403,B-10012,2011,Bucur LF - CH,Dude?ti,-,Bucur LF
404,B-10013,2011,Bucur LF - CH,Dude?ti,-,Bucur LF
405,B-10014,2011,Bucur LF - CH,Dude?ti,-,Bucur LF
406,B-10668,2012,Bucur LF - CA,Dude?ti,-,Bucur LF
407,B-10695,2012,Bucur LF - CA,Dude?ti,-,Bucur LF
408,B-10700,2012,Bucur LF - CA,Dude?ti,-,Bucur LF
409,B-10709,2012,Bucur LF - CA,Dude?ti,-,Bucur LF
410,B-10721,2012,Bucur LF - CA,Dude?ti,-,Bucur LF
411,B-10984,2013,Bucur LF - CA,Dude?ti,-,Bucur LF
412,B-11218,2014,Bucur LF - CA,Dude?ti,Livrat decembrie 2014,Bucur LF
413,B-11219,2014,Bucur LF - CA,Dude?ti,Livrat decembrie 2014,Bucur LF
414,B-11299,2015,Bucur LF - CA,Dude?ti,Livrat decembrie 2015. Dotat cu AC �n salon,Bucur LF
415,B-11444,2015,Bucur LF - CA,Dude?ti,Livrat decembrie 2015. Dotat cu AC �n salon,Bucur LF
416,B-11685,2016,Bucur LF - CA,Dude?ti,Livrat decembrie 2016. Dotat cu AC �n salon,Bucur LF
3003,B-03451,2003,Militari,-,-,Bucur 1 V2A-T
3004,B-03452,2004,Militari,-,-,Bucur 1 V2A-T
3005,B-03453,2006,Militari,-,-,Bucur 1 V2A-T
3006,B-08231,2007,Militari,-,-,Bucur 1 V2A-T
3007,B-08232,2007,Militari,-,-,Bucur 1 V2A-T
3008,B-08233,2008,Militari,-,-,Bucur 1 V2A-T
3009,B-08234,2008,Militari,-,-,Bucur 1 V2A-T
3010,B-08323,2008,Militari,-,-,Bucur 1 V2A-T
3011,B-09323,2008,Militari,-,-,Bucur 1 V2A-T
3303,B-03231,1975,Militari,Reparat capital �n 2007 ?i 2016,-,Tatra T4R
3304,B-03232,1975,Militari,Reparat capital �n 2009 ?i 2013.,-,Tatra T4R
3311,B-03369,1975,Militari,Reparat capital �n 2008 ?i �n 2019.,-,Tatra T4R
3317,B-03375,1975,Militari,Reparat capital �n Mar. 2007 si 2015-2016.,-,Tatra T4R
3320,B-03377,1975,Militari,Reparat capital �n 2009; vagon ?coal? din 2012. Vagon utilitar din septembrie 2017.,-,Tatra T4R
3321,B-03378,1975,Militari,Reparat capital �n 2009 ?i �n octombrie 2019.,-,Tatra T4R
3322,B-03379,1975,Militari,Reparat capital �n 2008 si 2015-2016.,-,Tatra T4R
3324,B-03381,1975,Militari,Reparat capital �n 2007 ?i Ian.-Oct. 2011.,-,Tatra T4R
3344,B-03397,1974,Militari,Reparat capital �n Apr. 2008 ?i �n 2017.,-,Tatra T4R
3348,B-03487,1974,Militari,Reparat capital �n 2006 ?i 2013. Retras definitiv.,-,Tatra T4R
3356,B-03495,1975,Militari,Reparat capital �n ianuarie 2008 ?i �n 2016.,-,Tatra T4R
3359,B-03498,1975,Militari,Reparat capital �n Nov. 2007 ?i �n 2017.,-,Tatra T4R
3361,B-03499,1975,Militari,Reparat capital �n Nov. 2007 ?i �n 2017.,-,Tatra T4R
3373,B-03511,1975,Militari,Reparat capital spre sfarsitul anilor 2000 si in 2016.,-,Tatra T4R
3374,B-03512,1975,Militari,Reparat capital �n 2008 si 2017. Revenit la traseu dupa RK in data de 9.03.2017. Retras definitiv.,-,Tatra T4R
3379,B-03337,1975,Militari,Reparat capital �n 2006 ?i 2013. Retras definitiv.,-,Tatra T4R
3381,B-03339,1975,Militari,Reparat capital la mijlocul anilor 2000 ?i �n 2018.,-,Tatra T4R
3382,B-03340,1975,Militari,Reparat capital la mijlocul anilor 2000 ?i �n 2014.,-,Tatra T4R
3383,B-03341,1975,Militari,Reparat capital la mijlocul anilor 2000 ?i �n 2014.,-,Tatra T4R
3391,B-03349,1975,Militari,Reparat capital �n Sept. 2007 ?i �n 2014. Retras definitiv.,-,Tatra T4R
3392,B-03350,1975,Militari,Reparat capital �n Nov. 2007 ?i �n 2015.,-,Tatra T4R
3393,B-03351,1975,Militari,Reparat capital �n Sept. 2010. Folosit pentru manevr? �n depou din septembrie 2017. Retras definitiv.,-,Tatra T4R
3400,B-03356,1975,Militari,Reparat capital �n 2004 ?i Ian. 2011. Retras 09.2017. Reactivat ~18.02.2019.,-,Tatra T4R
3405,B-03361,1975,Militari,Reparat capital la mijlocul anilor 2000 ?i �n 2019.,-,Tatra T4R
3409,B-03364,1975,Militari,Reparat capital �n 2006 ?i �n 2013.,-,Tatra T4R
3411,B-03366,1975,Militari,Reparat capital �n 2008 ?i 2013; revopsit �n Aug. 2010. Retras definitiv.,-,Tatra T4R
3412,B-03433,1975,Militari,Reparat capital �n 2008 ?i 2013. Retras definitiv.,-,Tatra T4R
3413,B-03434,1975,Militari,Reparat capital la mijlocul anilor 2000 ?i �n 2013.,-,Tatra T4R
3425,B-03443,1975,Militari,Reparat capital la mijlocul anilor 2000 ?i �n 2015.,-,Tatra T4R
3426,B-03444,1975,Militari,Reparat capital �n 2009 ?i 2015.,-,Tatra T4R
3428,B-03445,1975,Militari,"Reparat capital �n 2004, Feb. 2009 ?i �n 2013. Retras definitiv.",-,Tatra T4R
7,B-01716,2001,Giurgiului,Reparat capital �n 2006. Revopsit �n Iun. 2012. RG la boghiuri �n Sept. 2009.,-,V3A-93
10,B-02782,2005,Giurgiului,-,-,V3A-93
12,B-03162,2005,Titan,-,-,V3A-93
13,B-02740,1995,Giurgiului,Reparat capital �n 2008.,-,V3A-93
15,B-01717,1998,Colentina,Reparat capital �n 2005 ?i Ian. 2010.,-,V3A-93
26,B-02743,1995,Giurgiului,Reparat capital �n Ian. 2012.,-,V3A-93
39,B-02747,2002,Colentina,Reparat capital �n 201x . RG la boghiuri �n Sept. 2010.,-,V3A-93
50,B-02210,2002,Bucure?tii-Noi,Reparat capital �n Dec. 2008.,-,V3A-93
57,B-02753,1997,Militari,Reparat capital �n 2007 ?i Mar. 2010. Revopsit in 2016. Transferat de la Dude?ti 05.09.2017.,-,V3A-93
62,B-02754,1995,Bucure?tii-Noi,Reparat capital �n 2005 si Nov. 2013. RG la boghiuri Mar. 2009. Retras definitiv.,-,V3A-93
64,B-02690,1996,Giurgiului,Reparat capital �n Nov. 2007. RG la boghiuri Oct. 2011.,-,V3A-93
66,B-03163,2005,Titan,Reparat capital �n Dec. 2009.,-,V3A-93
73,B-02693,1997,Giurgiului,-,-,V3A-93
83,B-02695,1996,Giurgiului,Reparat capital �n Mar. 2009.,-,V3A-93
91,B-02501,2000,Militari,Reparat capital �n 2005 ?i 2022. RG la boghiuri �n Aug. 2013.,-,V3A-93
93,B-01719,2000,Giurgiului,Reparat capital �n Dec. 2006 ?i Mar. 2013.,-,V3A-93
95,B-01720,1998,Titan,Reparat capital �n 2003 si Ian. 2014.,-,V3A-93
96,B-01721,2005,Titan,A apar?inut depoului Victoria.,-,V3A-93
99,B-01722,2003,Giurgiului,Reparat capital �n Aug. 2007 ?i Apr. 2017. RG la boghiuri Aug. 2010.,-,V3A-93
100,B-02791,2003,Titan,Reparat capital �n Iul. 2008 ?i 2018.,-,V3A-93
102,B-02502,2000,Giurgiului,A apar?inut depourilor Colentina ?i Victoria; Reparat capital �n Nov. 2005 ?i Mai 2010.,-,V3A-93
103,B-02644,1997,Colentina,A apar?inut depoului Victoria. Reparat capital �n Apr. 2013.,-,V3A-93
104,B-02645,1998,Colentina,Transferat de la Dude?ti �n 2011. Reparat capital �n 2006 ?i 2018.,-,V3A-93
107,B-01693,2002,Giurgiului,Reparat capital �n Iun. 2009; RG la boghiuri �n Mar. 2012.,-,V3A-93
108,B-02792,2005,Titan,Tramvai ?coal?. Reparat in aprilie 2016 dupa aproape 6 ani,-,V3A-93
110,B-02647,1997,Bucure?tii-Noi,Rreparat capital �n 2005 ?i Sept. 2010. Avariat �n accident Pasajul Lujerului 10.05.2012. Retras definitiv.,-,V3A-93
111,B-02648,1997,Colentina,Revopsit �n Mai 2010; Reparat capital �n Apr. 2011.,-,V3A-93
112,B-02649,2001,Colentina,Reparat capital �n Mai 2007; RG la boghiuri �n Nov. 2011. Transferat de la Dep. Dudesti la sfarsitul lunii iunie 2015.,-,V3A-93
113,B-01694,1999,Colentina,Reparat capital �n 2005 ?i,Mai 2010; ex-Dep. Victoria,V3A-93
115,B-02650,1997,Colentina,RG la boghiuri �n Iun. 2010. Revopsit �n Oct. 2010. A apar?inut depoului Victoria. Retras definitiv,-,V3A-93
117,B-02793,2005,Titan,RG la boghiuri �n Nov. 2012.,-,V3A-93
120,B-01695,2001,Militari,Reparat capital �n 2007 ?i Oct. 2020. A apar?inut Dep. Victoria p�n? �n anul 2020.,-,V3A-93
121,B-01696,1998,Colentina,Reparat capital �n Oct. 2012.,-,V3A-93
123,B-01697,1998,Colentina,A apar?inut depoului Victoria. Reparat capital �n Mai 2012.,-,V3A-93
124,B-02653,1998,Giurgiului,Reparat capital �n 2005 si Mai 2013. Transferat de la Dude?ti �n anul 2013 dup? RK,-,V3A-93
125,B-01698,2001,Colentina,Reparat capital �n Sept. 2006. RG la boghiuri �n Nov. 2013.,-,V3A-93
126,B-01699,1999,Victoria,Reparat capital �n 2005 ?i 2022.,-,V3A-93
127,B-02654,2001,Bucure?tii-Noi,Reparat capital �n 2008. Transferat de la Dude?ti decembrie 2014. Retras definitiv.,-,V3A-93
128,B-01700,1998,Colentina,A apar?inut depoului Victoria. Reparat capital �n Aug. 2013.,-,V3A-93
132,B-01701,2002,Colentina,Reparat capital �n 2008.,-,V3A-93
134,B-02775,2005,Giurgiului,Reparat capital �n Ian. 2014. RG la boghiuri �n Oct. 2008.,-,V3A-93
135,B-01702,1998,Giurgiului,Reparat capital �n Mar. 2009; RG la boghiuri �n Mar. 2012.,-,V3A-93
138,B-02655,2002,Colentina,A apar?inut depoului Victoria. Reparat capital �n anul 2007.,-,V3A-93
140,B-02656,2000,Giurgiului,Reparat capital �n Oct. 2005 ?i 2018.,-,V3A-93
141,B-01703,2005,Militari,Reparat capital �n aprilie 2010. RG la boghiuri �n Nov. 2014. Transferat �n septembrie 2017 de la Victoria,-,V3A-93
142,B-02672,2002,Colentina,Reparat capital �n Feb. 2007; Revopsit �n Iul. 2010.,-,V3A-93
145,B-02776,2004,Giurgiului,"Reparat capital �n Nov. 2009. Distrus de pr?bu?irea macarale peste depou �n 13.05.2010, reparat iulie-nov 2010.",-,V3A-93
146,B-02783,2005,Titan,RG boghiuri Mar. 2013. Reparat la podea/scaune �n Dec. 2022.,-,V3A-93
148,B-02657,2001,Colentina,Reparat capital �n Dec. 2006. RG la boghiuri �n Oct. 2011.,-,V3A-93
150,B-01704,1999,Giurgiului,Reparat capital �n 2002 ?i Iun. 2009.,-,V3A-93
152,B-02573,1997,Militari,Reparat capital �n 2003 ?i Mar. 2010. Transferat 13.09.2017 de la Dude?ti,-,V3A-93
153,B-01705,2001,Giurgiului,Reparat capital �n Feb. 2007.,-,V3A-93
156,B-02574,1997,Colentina,Reparat capital �n Dec. 2009. Transferat de la Dude?ti la sf�r?itul lunii iunie 2015.,-,V3A-93
157,B-01707,2000,Victoria,Retras definitiv.,-,V3A-93
159,B-01708,1999,Victoria,Reparat capital �n 2004 ?i mai 2010.,-,V3A-93
162,B-02576,2001,Colentina,Reparat capital �n 2007. Retras definitiv.,-,V3A-93
163,B-02794,2005,Titan,Revopsit �n 2009. Reparat capital in Mai 2013.,-,V3A-93
165,B-01709,2000,Victoria,Reparat capital �n 2006. Retras definitiv.,-,V3A-93
166,B-02795,2003,Titan,Reparat capital �n Mar. 2010.,-,V3A-93
167,B-02577,1997,Colentina,Reparat capital �n Mai 2009. Transferat de la Dudesti la sfarsitul lunii iunie 2015.,-,V3A-93
168,B-01710,1998,Colentina,Reparat capital �n Iul. 2010.,-,V3A-93
169,B-02796,2005,Titan,-,-,V3A-93
170,B-01711,1998,Victoria,Reparat capital �n 2005 ?i Oct. 2009.,-,V3A-93
171,B-02578,1997,Colentina,A apar?inut depoului Victoria. Reparat capital �n 2008. Retras definitiv.,-,V3A-93
174,B-01712,1998,Victoria,Reparat capital �n Iun. 2009 ?i 2021. RG la boghiuri �n Dec. 2013,-,V3A-93
175,B-02579,1996,Giurgiului,Reparat capital �n Dec. 2007. Transferat in 2009 de la Dep. Dudesti.,-,V3A-93
177,B-01713,1999,Titan,Retras definitiv.,-,V3A-93
178,B-02230,2003,Bucure?tii-Noi,Revopsit �n Mar. 2009; Reparat capital �n Oct. 2010. Retras definitiv.,-,V3A-93
179,B-01714,1998,Colentina,Reparat capital �n Oct. 2009. RG la boghiuri �n Oct. 2010.,-,V3A-93
182,B-02580,2001,Militari,Reparat capital �n Nov. 2006 ?i Iun. 2019. Transferat de la Colentina la Militari. RG la boghiuri �n Iul. 2012.,-,V3A-93
183,B-02581,2001,Colentina,Reparat capital �n Sept. 2007.,-,V3A-93
184,B-02778,2005,Giurgiului,Reparat capital �n 2017. RG la boghiuri �n Iul. 2012.,-,V3A-93
185,B-02582,1997,Colentina,Reparat capital �n 2007. RG la boghiuri �n Sept. 2011 ?i Nov. 2014. Transferat de la Dude?ti la Colentina �n august 2016.,-,V3A-93
186,B-02784,2004,Titan,Reparat capital �n Mai 2017.,-,V3A-93
187,B-02583,1998,Colentina,Reparat capital �n 2008.,-,V3A-93
188,B-01715,1998,Colentina,A apar?inut depoului Victoria; Reparat capital �n Dec. 2010,-,V3A-93
189,B-02797,2003,Titan,RG la boghiuri �n Ian. 2011 si revopsit �n Mai 2012.,-,V3A-93
191,B-01806,1999,Victoria,Reparat capital �n 2005.,-,V3A-93
193,B-02584,1998,Colentina,Reparat capital �n Mai 2013; Revopsit �n Aug. 2010.,-,V3A-93
194,B-02585,2002,Colentina,Reparat capital �n Iul. 2008.,-,V3A-93
200,B-02785,2005,Titan,Tramvai ?coal?.,-,V3A-93
203,B-01807,1998,Victoria,Reparat capital �n Apr. 2009.,-,V3A-93
207,B-02236,2002,Bucure?tii-Noi,Revopsit �n Oct. 2009. Reparat capital �n Sept. 2012.,-,V3A-93
209,B-02588,1998,Colentina,Reparat capital �n 2005 ?i 2017.,-,V3A-93
211,B-02590,1998,Colentina,Reparat capital �n 2004 ?i 2017. RG la boghiuri �n Ian. 2011.,-,V3A-93
212,B-02591,2001,Bucure?tii-Noi,Reparat capital �n Mai 2007. Revopsit �n Iun. 2013. Transferat de la Dep. Dude?ti �n decembrie 2016. Retras definitiv.,-,V3A-93
214,B-01808,1999,Victoria,Reparat capital �n Dec. 2010.,-,V3A-93
215,B-01809,1999,Victoria,RG la boghiuri �n Mai 2008. Reparat capital �n Oct. 2019.,-,V3A-93
216,B-02786,2004,Titan,Reparat capital �n Sept. 2009.,-,V3A-93
220,B-02780,2004,Giurgiului,Reparat capital �n Ian. 2011.,-,V3A-93
221,B-02238,2003,Bucure?tii-Noi,Reparat capital �n Apr. 2010. Retras definitiv.,-,V3A-93
222,B-02787,2005,Titan,-,-,V3A-93
225,B-01810,2001,Victoria,Reparat capital �n Nov. 2006. RG la boghiuri Aug. 2009. Retras definitiv,-,V3A-93
227,B-01811,2001,Giurgiului,Reparat capital �n Apr. 2007 ?i 2023.,-,V3A-93
230,B-02592,1997,Colentina,Reparat capital �n Feb. 2008. Retras definitiv.,-,V3A-93
232,B-02593,1997,Colentina,Revopsit �n Oct. 2010. Reparat capital �n mai 2017.,-,V3A-93
236,B-01813,1999,Giurgiului,Reparat capital �n Feb. 2011.,-,V3A-93
239,B-01814,1999,Victoria,Reparat capital �n 2004 ?i Mai 2009.,-,V3A-93
249,B-02790,2005,Giurgiului,Reparat capital �n Iun. 2009.,-,V3A-93
250,B-01816,2001,Colentina,Reparat capital �n Iun. 2006. Retras definitiv.,-,V3A-93
253,B-01817,1999,Titan,A apar?inut depoului Victoria. Reparat capital �n 2005 ?i �n Aug. 2019. RG la boghiuri �n Oct. 2009.,-,V3A-93
254,B-02596,1997,Militari,Reparat capital Oct. 2009. Transferat de la Dude?ti �n sept 2017. Primul V3A al depoului.,-,V3A-93
255,B-02597,2001,Giurgiului,Reparat capital �n Feb. 2007.,-,V3A-93
256,B-02240,2003,Bucure?tii-Noi,Reparat capital �n Iun. 2008 ?i �n 2019.,-,V3A-93
257,B-02598,1997,Titan,Reparat capital �n 2004 ?i 2021.,-,V3A-93
258,B-02599,1997,Colentina,Reparat capital �n Sept. 2008.,-,V3A-93
259,B-01818,2005,Victoria RG la boghiuri �n Sept. 2010.,-,-,V3A-93
260,B-02187,2001,Victoria,Reparat capital �n 2007. RG la boghiuri �n Sept. 2009. Retras definitiv.,-,V3A-93
261,B-01819,1999,Victoria,Revopsit �n 2016. Reparat capital �n Nov. 2019.,-,V3A-93
263,B-02600,1998,Titan,A apar?inut depoului Colentina. Reparat capital in Dec. 2013.,-,V3A-93
265,B-01820,1998,Militari,Reparat capital �n 2004 ?i 2017. Transferat �n septembrie 2017 de la Titan,-,V3A-93
271,B-02664,2000,Giurgiului,Reparat capital �n Dec. 2005 ?i Mar. 2020. Transferat de la Dep. Dudesti in ianuarie 2013.,-,V3A-93
272,B-02798,2003,Titan,Reparat capital �n Iun. 2010.,-,V3A-93
274,B-02601,2002,Colentina,Reparat capital �n Ian. 2008.,-,V3A-93
276,B-02788,2005,Titan RG la boghiuri Oct. 2011.,-,-,V3A-93
277,B-02789,2005,Titan,Reparat capital �n Ian. 2020.,-,V3A-93
279,B-02726,1998,Colentina,Reparat capital �n Apr. 2014.,-,V3A-93
280,B-01821,2003,Alexandria,Reparat capital �n Sept. 2010. RG la boghiuri �n Iun. 2008,-,V3A-93
281,B-02799,2001,Titan,Succesiv vagon ?coal?/traseu. Din 2017 ?coal?. Singurul cu bare albe.,-,V3A-93
283,B-02727,2001,Colentina,Reparat capital �n 2006. Retras definitiv.,-,V3A-93
286,B-01822,1999,Victoria,Reparat capital �n Iul. 2019.,-,V3A-93
287,B-01823,1999,Victoria,Reparat capital �n septembrie 2018.,-,V3A-93
289,B-02728,2002,Colentina,Reparat capital �n 2008.,-,V3A-93
290,B-02800,2003,Titan,Reparat capital �n 2008 ?i 2013.,-,V3A-93
291,B-02801,2000,Titan,Fost tram ?coal?. Retransformat ?coal? �n nov 2015. Revine la traseu 03.2016. RG la boghiuri �n Oct. 2010. Reparat capital �n 2023.,-,V3A-93
292,B-01824,2003,Titan,Reparat capital �n Ian. 2010.,-,V3A-93
294,B-02802,2005,Titan,Revopsit �n Aug. 2010.,-,V3A-93
296,B-01825,1999,Bucure?tii-Noi,Reparat capital �n 2004 ?i Dec. 2009; transfer 2012 de la Victoria; avariat �n accident P.Lujerului.,-,V3A-93
298,B-02803,2003,Titan RG la boghiuri Aug. 2010.,-,-,V3A-93
301,B-01826,1998,Victoria,Reparat capital �n Feb. 2010.,-,V3A-93
302,B-02804,2005,Titan,Reparat capital �n 2021.,-,V3A-93
303,B-01827,1999,Titan,Reparat capital �n 2005?i 2023.,-,V3A-93
305,B-02246,2003,Bucure?tii-Noi,Revopsit �n Mai 2009; Reparat capital �n Iun. 2010.,-,V3A-93
307,B-01828,2000,Colentina,Reparat capital �n 2006. Retras definitiv.,-,V3A-93
308,B-02781,2004,Giurgiului,Reparat capital �n Iun. 2009.,-,V3A-93
309,B-02665,2000,Victoria,Reparat capital �n Dec. 2005 ?i 2023.,-,V3A-93
310,B-03152,2004,Titan,Reparat capital in Feb. 2013.,-,V3A-93
312,B-01829,1998,Victoria,Reparat capital �n Iun. 2009. Revopsit �n depou �n august 2016.,-,V3A-93
313,B-01830,2001,Giurgiului,Reparat capital �n Nov. 2006; RG la boghiuri �n Sept. 2012. distrus de macara pr?bu?it? peste depou �n 13.05.2010. Reparat.,-,V3A-93
314,B-03153,2004,Titan,Reparat capital �n Ian. 2011,-,V3A-93
315,B-01831,2001,Victoria,Reparat capital �n 2007.,-,V3A-93
317,B-02666,2000,Giurgiului,Reparat capital �n 2005 ?i 2022.,-,V3A-93
318,B-02248,2002,Bucure?tii-Noi,Revopsit �n Mar. 2009; Reparat capital �n Mai 2010. ?n curs de transformare cu echipamente CA �n anul 2023.,-,V3A-93
319,B-03154,2004,Titan RG la boghiuri �n Sept. 2010.,-,-,V3A-93
323,B-01833,1999,Victoria,Reparat capital �n 2005 ?i,Aug. 2016. A revenit la traseu 07.08.2016 dup? o lung? absen??,V3A-93
324,B-01834,2003,Alexandria,Reparat capital �n mai 2010.,-,V3A-93
325,B-02730,1998,Colentina,Reparat capital �n 2005 ?i Mai 2010.,-,V3A-93
327,B-02731,2002,Colentina,Reparat capital �n Mar. 2009.,-,V3A-93
328,B-01835,2001,Giurgiului,RG la boghiuri �n Sept. 2010,-,V3A-93
330,B-02188,2000,Victoria,Retras definitiv.,-,V3A-93
331,B-03155,2004,Titan,-,-,V3A-93
333,B-02189,2001,Giurgiului,Reparat capital �n anul 2007.,Distrus de macara pr?bu?it? peste hala depoului �n 13.05.2010. Reparat.,V3A-93
334,B-03156,2005,Titan RG la boghiuri �n Iun. 2012.,-,-,V3A-93
335,B-03157,2005,Titan,-,-,V3A-93
337,B-02190,1999,Colentina,Reparat capital �n Sept 2009.,-,V3A-93
338,B-02191,1999,Titan,Retras definitiv,-,V3A-93
340,B-02192,1999,Victoria,Reparat capital �n 2005 ?i Mar. 2011,-,V3A-93
341,B-02732,1998,Colentina,Reparat capital �n 2005. Retras definitiv.,-,V3A-93
342,B-02733,1995,Giurgiului,Reparat capital �n 2005. A apar?inut depoului Colentina.,-,V3A-93
343,B-02193,2001,Victoria,RG la boghiuri �n Sept. 2009. Reparat capital �n 2023.,-,V3A-93
344,B-02194,1998,Victoria,Reparat capital �n 2018.,-,V3A-93
346,B-03158,2005,Titan,Reparat capital �n Oct. 2010.,-,V3A-93
347,B-02734,2002,Colentina,Reparat capital �n Apr. 2007 ?i 2020.,-,V3A-93
348,B-03159,2005,Titan RG la boghiuri �n Sept 2011,-,-,V3A-93
351,B-02251,2003,Bucure?tii-Noi,Reparat capital �n Feb. 2009.,-,V3A-93
353,B-02195,2005,Victoria,-,-,V3A-93
354,B-02736,1994,Titan,Primul V3A-93. Reparat capital �n 2004 ?i Apr. 2017. RG la boghiuri �n Mai 2009.,-,V3A-93
355,B-02737,1995,Colentina Reparat capital �n 2004 ?i Iun. 2010.,-,-,V3A-93
356,B-03160,2003,Titan,Reparat capital �n Dec. 2008.,-,V3A-93
357,B-02196,2001,Giurgiului,Reparat capital �n Feb. 2007.,-,V3A-93
360,B-02738,1997,Colentina,Reparat capital �n 2005 ?i Feb. 2013.,-,V3A-93
362,B-02739,1997,Bucure?tii-Noi,Reparat capital �n Nov. 2010; transferat de la Dude?ti �n Iul. 2011.,-,V3A-93
5,B-02476,1998,Alexandria,Reparat capital �n 2005 ?i Ian.-Iul. 2011.,-,V3A-93M
24,B-02478,1998,Alexandria,"RK 2004, 07.2012, revopsit �n Feb. 2009; Repara?ie a podelei �n Ian. 2010.",-,V3A-93M
51,B-02479,1995,Alexandria,Reparat capital �n 2005 ?i martie 2017. RG la boghiuri �n Oct. 2011.,-,V3A-93M
106,B-02481,1997,Titan,Reparat capital �n 2004 si 2013.,-,V3A-93M
109,B-02482,1995,Alexandria,Reparat capital �n 2004 si Mar. 2012. Revopsit in anul 2009. RG boghiuri in Sept. 2010.,-,V3A-93M
114,B-02483,1998,Giurgiului,Reparat capital �n 2003 ?i Aug. 2013. RG la boghiuri in Mar. 2012. Transferat de la Alexandria la Giurgiului �n decembrie 2022.,-,V3A-93M
119,B-02652,1997,Titan,Reparat capital �n 2003 ?i Mai 2010. RG boghiuri in Ian. 2006 ?i Nov. 2014.,-,V3A-93M
130,B-02484,1998,Alexandria,Reparat capital �n 2006 ?i �n februarie 2017. RG la boghiuri �n Iun. 2010.,-,V3A-93M
139,B-02486,1999,Alexandria,Reparat capital �n 2006. RG la boghiuri �n Mai 2012. Retras definitiv.,-,V3A-93M
147,B-02487,1995,Alexandria,Reparat capital �n 2005. Retras definitiv.,-,V3A-93M
173,B-02488,1997,Giurgiului,RK �n 2003 ?i Oct. 2011; transferat de la Alexandria �n decembrie 2011.,-,V3A-93M
176,B-02489,2000,Alexandria,Reparat capital �n Feb. 2007. Retras definitiv.,-,V3A-93M
197,B-02491,2002,Alexandria,Reparat capital �n Aug. 2009. RG la boghiuri �n Iun. 2012. Retras definitiv.,-,V3A-93M
198,B-02492,2001,Alexandria,Reparat capital �n Aug. 2008. Retras definitiv.,-,V3A-93M
199,B-02660,1996,Alexandria,Reparat capital �n 2002 ?i Dec. 2011. RG la boghiuri �n Iul. 2006.,-,V3A-93M
208,B-02423,1996,Alexandria,Reparat capital �n 2003 ?i Mar. 2013; revopsit �n Aug. 2008.,-,V3A-93M
213,B-02424,1997,Titan,Reparat capital �n 2003 ?i Dec. 2013. RG la boghiuri �n Iun. 2008.,-,V3A-93M
217,B-02493,1998,Alexandria,Reparat capital �n 2004 ?i �n Iun. 2013.,-,V3A-93M
219,B-02494,1998,Alexandria,Reparat capital �n 2004 ?i Apr. 2012. Repara?ie a podelei �n Sept. 2009.,-,V3A-93M
223,B-02425,1998,Alexandria,Reparat capital �n 2004 ?i Dec. 2012. Repara?ie a podelei �n Mar. 2010.,-,V3A-93M
228,B-02495,1996,Giurgiului,Reparat capital �n 2003 ?i Aug. 2010.,-,V3A-93M
229,B-02496,1997,Alexandria,Reparat capital �n 2005 si 2015-2016.,-,V3A-93M
231,B-01812,2004,Alexandria,Reparat capital �n Sep. 2013.,-,V3A-93M
233,B-02426,1997,Alexandria,Reparat capital �n 2004 ?i Iun. 2013.,-,V3A-93M
238,B-02427,1996,Giurgiului,RK 2004 ?i Mar 2011; revopsit 2009; transferat de la Alexandria 06.2011,-,V3A-93M
240,B-02428,1996,Titan,Reparat capital �n Ian. 2010.,-,V3A-93M
241,B-03678,1996,Alexandria,Reparat capital �n 2004 ?i 2015; revopsit �n Aug. 2009.,-,V3A-93M
243,B-02429,1996,Alexandria,Reparat capital �n 2004 ?i Ian. 2012. RG la boghiuri �n Sept. 2010.,-,V3A-93M
244,B-02430,1996,Alexandria,Reparat capital �n 2004 ?i Iul. 2012.,-,V3A-93M
248,B-02432,1996,Alexandria,Reparat capital �n 2004 ?i Mar. 2012. Retras definitiv.,-,V3A-93M
251,B-02433,1999,Alexandria,Reparat capital �n 2005 ?i 2018. RG la boghiuri �n Iul. 2012.,-,V3A-93M
252,B-02434,1999,Alexandria,Reparat capital �n 2006. RG la boghiuri �n Apr. 2013,-,V3A-93M
262,B-02435,1996,Giurgiului,Reparat capital �n 2004 ?i Mai 2010. RG la boghiuri �n Ian. 2006,-,V3A-93M
268,B-02437,1998,Alexandria,Reparat capital �n 2006 ?i 2023. Repara?ie la podea in Apr. 2010. RG la boghiuri �n Sept. 2011.,-,V3A-93M
269,B-02663,1996,Alexandria,RK 2003 ?i Nov. 2012; revopsit �n Sept. 2010. RG la boghiuri �n Iun. 2006 ?i Mai 2010,-,V3A-93M
270,B-02438,1995,Titan,Reparat capital �n 2003 ?i Feb. 2012.,-,V3A-93M
275,B-02439,2001,Giurgiului,Reparat capital �n Aug. 2008 ?i 2020. Transferat de la Alexandria la Giurgiului �n decembrie 2022.,-,V3A-93M
282,B-02440,2000,Alexandria,Reparat capital �n Apr. 2007. Repara?ie la podea �n Mai 2020.,-,V3A-93M
284,B-02441,2001,Alexandria,Reparat capital �n Dec. 2007. RG la boghiuri �n Oct. 2013. Retras definitiv.,-,V3A-93M
285,B-02442,2002,Alexandria,Reparat capital �n Aug. 2010. RG la boghiuri �n Iul. 2012.,-,V3A-93M
295,B-02444,2001,Giurgiului,Reparat capital �n Ian. 2009. Transferat de la Alexandria la Giurgiului �n decembrie 2022.,-,V3A-93M
299,B-02445,2001,Alexandria,Reparat capital �n Iun. 2010.,-,V3A-93M
304,B-02446,1995,Alexandria,Reparat capital �n 2005 si 2015-2016. Primul vagon modernizat la FAUR �n anul 1995.,-,V3A-93M
321,B-02667,1995,Titan,Reparat capital �n Ian. 2006. RG la boghiuri Sept. 2010,-,V3A-93M
322,B-02668,1995,Alexandria,Reparat capital �n 2005. RG la boghiuri Dec. 2012. Retras definitiv.,-,V3A-93M
329,B-01832,2003,Alexandria,"Ultimul vagon original, a?teapt? RK-ul. RG la boghiuri Dec. 2010. Retras definitiv.",-,V3A-93M
332,B-02448,1995,Alexandria,Reparat capital �n Mar. 2007; Revopsit �n Mar. 2012. RG la boghiuri �n Apr. 2013. Retras definitiv.,-,V3A-93M
336,B-02669,1995,Alexandria,Reparat capital �n 2003 ?i Nov. 2009. Revopsit �n Aug. 2008.,-,V3A-93M
345,B-02449,1995,Alexandria,Reparat capital �n 2004 ?i Oct. 2010.,-,V3A-93M
14,B-02477,1999,Titan,Reparat capital �n Oct. 2005 ?i 2019.,-,V3A-93M EPC
293,B-02443,2001,Titan,Reparat capital �n Ian. 2009. Transferat de la Dude?ti la sfarsitul lunii septembrie 2015. Retras definitiv.,-,V3A-93M EPC
352,B-02450,2000,Titan,Reparat capital �n Mar. 2008. Transferat de la Dude?ti la sfarsitul lunii iunie 2015. Retras definitiv.,-,V3A-93M EPC
358,B-02451,1996,Titan,Reparat capital �n Nov. 2007. RG la boghiuri �n Dec. 2012.,-,V3A-93M EPC
359,B-02452,1996,Titan,Reparat capital �n 2002 ?i Ian. 2012. Revopsit �n Mai 2021.,-,V3A-93M EPC
205,B-02661,1998,Alexandria,Reparat capital �n 2009 ?i prev?zut cu motoare asincrone de curent alternativ Fost V3A-H.,-,V3A-93M EPC CA
361,B-02453,1997,Alexandria,Reparat capital �n Oct. 2008; retras �n parcul rece din Colentina �n 2010; donator de piese. Schimbat? ac?ionarea �n curent alternativ �ntre 2014-2015 cu echipamente INDAELTRAC. Fost V3A-H. Transferat la Alexandria �n iulie 201,-,V3A-93M EPC CA
6,B-02204,2002,Militari,Reparat capital �n Apr. 2009. Transferat de la Bucure?tii Noi la Militari �n decembrie 2022.,-,V3A-93M 2000
21,B-02205,1997,Bucure?tii-Noi,Reparat capital �n 2002 si Iun. 2013. Revopsit �n Sept. 2007. RG la boghiuri Mai 2010.,-,V3A-93M 2000
23,B-02206,1997,Bucure?tii-Noi,Reparat capital �n 2002 ?i Aug. 2008. Retras definitiv.,-,V3A-93M 2000
25,B-02207,1997,Bucure?tii-Noi,Reparat capital �n 2002 ?i Aug 2008. ?n curs de transformare cu echipamente CA �n anul 2023.,-,V3A-93M 2000
47,B-02208,1996,Bucure?tii-Noi,"Reparat capital �n 2002, Mar. 2008 ?i aprilie 2018.",-,V3A-93M 2000
49,B-02209,1997,Bucure?tii-Noi,"Reparat capital �n 2002, Nov. 2007 ?i februarie 2020.",-,V3A-93M 2000
54,B-02211,1996,Bucure?tii-Noi,Reparat capital �n 2002 ?i Feb. 2008. Retras definitiv.,-,V3A-93M 2000
55,B-02212,1996,Bucure?tii-Noi,"Reparat capital �n 2002, Aug. 2007 ?i �n decembrie 2019.",-,V3A-93M 2000
68,B-02213,1996,Bucure?tii-Noi,Reparat capital �n 2002. Revopsit �n Aug. 2007 ?i Nov. 2009; RK �n Apr. - Mai 2012. Retras definitiv.,-,V3A-93M 2000
75,B-02214,1996,Bucure?tii-Noi,Reparat capital �n 2002 ?i Aug. 2007; RG si RCV �n Apr. - Mai 2012. Retras definitiv.,-,V3A-93M 2000
80,B-02215,2002,Bucure?tii-Noi,Revopsit �n Sept. 2009. Reparat capital in 2013.,-,V3A-93M 2000
94,B-02252,1997,Bucure?tii-Noi,Reparat capital �n 2002 ?i Iun. 2008. Retras definitiv.,-,V3A-93M 2000
98,B-02216,1996,Bucure?tii-Noi,Reparat capital �n 2002 ?i Aug. 2008. Retras definitiv.,-,V3A-93M 2000
101,B-02231,1997,Bucure?tii-Noi,Reparat capital �n 2002 ?i �n noiembrie 2008. Retras definitiv.,-,V3A-93M 2000
118,B-02498,1996,Bucure?tii-Noi,Reparat capital �n 2002 ?i Ian. 2009. Retras definitiv.,-,V3A-93M 2000
122,B-02197,2002,Militari,Revopsit �n Aug. 2009. Reparat capital in 2013. Transferat de la Bucure?tii Noi la Militari �n decembrie 2022.,-,V3A-93M 2000
129,B-02198,2003,Bucure?tii-Noi,Reparat capital �n Sept. 2009.,-,V3A-93M 2000
143,B-02199,1997,Bucure?tii-Noi,Reparat capital �n 2002 ?i oct. 2007. Retras definitiv.,-,V3A-93M 2000
144,B-02200,1996,Bucure?tii-Noi,"Reparat capital �n 2002, sep. 2007 ?i �n 2016.",-,V3A-93M 2000
151,B-02201,2002,Bucure?tii-Noi,Reparat capital �n ianuarie 2010.,-,V3A-93M 2000
154,B-02232,1996,Bucure?tii-Noi,Reparat capital �n 2002 ?i decembrie 2009. Retras definitiv.,-,V3A-93M 2000
158,B-02499,1996,Bucure?tii-Noi,Reparat capital �n 2002; revopsit �n Mar. 2010. Reparat capital in 2013. ?n curs de transformare cu echipamente CA �n anul 2023.,-,V3A-93M 2000
160,B-02202,1997,Bucure?tii-Noi,Reparat capital �n 2002; revopsit �n Iun. 2009; RK �n Mar. - Iul. 2012. Retras definitiv.,-,V3A-93M 2000
195,B-02233,2002,Bucure?tii-Noi,Reparat capital �n Iul. 2011 - Apr. 2012.,-,V3A-93M 2000
196,B-02234,2002,Bucure?tii-Noi,Reparat capital �n Mar. 2009.,-,V3A-93M 2000
201,B-02235,2002,Bucure?tii-Noi,Revopsit �n Dec. 2009; reparat capital �n Iul. 2010.,-,V3A-93M 2000
226,B-02239,2002,Bucure?tii-Noi,Revopsit �n Nov. 2008; RK �n Iul. 2012.,-,V3A-93M 2000
266,B-02241,2002,Bucure?tii-Noi,Revopsit �n Nov. 2009; reparat capital �n Sept. 2010 - Mar. 2011.,-,V3A-93M 2000
278,B-02243,2003,Bucure?tii-Noi,Revopsit �n Mai 2009. Reparat capital �n 2018.,-,V3A-93M 2000
288,B-03679,2006,Bucure?tii-Noi,Reparat capital intre februarie ?i octombrie 2017.,-,V3A-93M 2000
297,B-02244,2005,Bucure?tii-Noi,Revopsit �n Iul. 2009; reparat capital �n Mar. - Iul. 2012.,-,V3A-93M 2000
300,B-02245,2002,Bucure?tii-Noi,Reparat capital �n 2008; revopsit �n Dec. 2009; reparat capital �n Mai. 2011-5 Apr.2012; avariat grav �n urma unui accident �n Pasajul Lujerului pe 10.05.2012.,-,V3A-93M 2000
311,B-02247,2003,Bucure?tii-Noi,Revopsit �n Mai 2009; reparat capital �n Nov. 2011 - 23 Apr. 2012.,-,V3A-93M 2000
316,B-02500,2003,Bucure?tii-Noi,Revopsit �n Oct. 2009; reparat capital �n Mar.2011-Mar.2012.,-,V3A-93M 2000
339,B-02249,2002,Bucure?tii-Noi,Revopsit �n Sept. 2009. Reparat capital in 2013.,-,V3A-93M 2000
349,B-02250,2002,Bucure?tii-Noi,Reparat capital �n Iun. 2009.,-,V3A-93M 2000
8,B-02203,2005,Bucure?tii-Noi,Cu podea cobor�t? �n sec?iunea C; revopsit �n Dec. 2009. RG la boghiuri �n Mar. 2016.,-,V3A-93 PPC
164,B-03677,2006,Bucure?tii-Noi,Cu podea cobor�t? �n sec?iunea C. RCV �n Apr. 2013. RG la boghiuri �n Mar. 2017,-,V3A-93 PPC
181,B-02777,2006,Giurgiului,Cu podea cobor�t? �n sec?iunea C. RG la boghiuri Iul. 2017. Reparat capital �n anul 2022.,-,V3A-93 PPC
206,B-02779,2006,Giurgiului,Cu podea cobor�t? �n sec?iunea C. RG la boghiuri �n Apr. 2016,-,V3A-93 PPC
131,B-03164,2006,Alexandria,-,-,V3A-93 CH-PPC
136,B-03165,2006,Bucure?tii Noi,Avariat �ntr-un accident pe 18.07.2012. Reparat. Transferat de la Alexandria la Bucure?tii Noi �n decembrie 2022.,-,V3A-93 CH-PPC
172,B-03166,2006,Bucure?tii Noi Transferat de la Alexandria la Bucure?tii Noi �n decembrie 2022.,-,-,V3A-93 CH-PPC
224,B-03148,2006,Bucure?tii Noi,A primit AC �n 2019. RK �n anul 2022. Transferat de la Alexandria la Bucure?tii Noi �n mai 2022.,-,V3A-93 CH-PPC
264,B-03167,2006,Alexandria,A primit AC �n 2019,-,V3A-93 CH-PPC
306,B-03151,2006,Alexandria,Primul tramvai V3A-93-CH-PPC. Avariat �ntr-un accident pe 18.07.2012.,-,V3A-93 CH-PPC
4001,B-02825,2008,Alexandria,A primit AC �n 2019,-,V3A-93 CH-PPC
4002,B-02826,2008,Alexandria,RK �n anul 2023.,-,V3A-93 CH-PPC
4003,B-02253,2007,Alexandria,A primit AC �n 2019,-,V3A-93 CH-PPC
4004,B-02827,2008,Alexandria,-,-,V3A-93 CH-PPC
4005,B-02828,2008,Dude?ti,A primit AC �n 2019,-,V3A-93 CH-PPC
4006,B-02504,2008,Alexandria,-,-,V3A-93 CH-PPC
4007,B-02254,2008,Alexandria,-,-,V3A-93 CH-PPC
4008,B-02829,2007,Alexandria,A primit AC �n 2019 RK �n anul 2023.,-,V3A-93 CH-PPC
4009,B-02830,2008,Alexandria.,Revopsit �n anul 2022.,-,V3A-93 CH-PPC
4010,B-02831,2009,Dude?ti,A primit AC �n 2019,-,V3A-93 CH-PPC
4011,B-02832,2008,Alexandria,RK �n anul 2023.,-,V3A-93 CH-PPC
4012,B-02833,2008,Dude?ti,A primit AC �n 2019,-,V3A-93 CH-PPC
4014,B-02255,2007,Bucure?tii Noi - RK �n anul 2021. Transferat de la Alexandria la Bucure?tii Noi �n decembrie 2022.,-,-,V3A-93 CH-PPC
4015,B-02834,2009,Dude?ti,Al doilea vagon cu AC,-,V3A-93 CH-PPC
4016,B-02503,2008,Dude?ti,A primit AC �n 2019,-,V3A-93 CH-PPC
4017,B-02507,2008,Dude?ti,A primit AC �n 2019,-,V3A-93 CH-PPC
4018,B-02835,2008,Dude?ti,A primit AC �n 2019,-,V3A-93 CH-PPC
4019,B-02836,2010,Dude?ti,-,-,V3A-93 CH-PPC
4020,B-02837,2008,Alexandria,RK �n anul 2023.,-,V3A-93 CH-PPC
4021,B-02838,2008,Bucure?tii Noi,A primit AC �n 2019. RK �n anul 2022. Transferat de la Alexandria la Bucure?tii Noi �n august 2022.,-,V3A-93 CH-PPC
4022,B-02839,2009,Dude?ti,-,-,V3A-93 CH-PPC
4023,B-02840,2008,Alexandria,A primit AC �n 2019,-,V3A-93 CH-PPC
4024,B-02841,2010,Dude?ti,-,-,V3A-93 CH-PPC
4025,B-02256,2008,Bucure?tii Noi,Transferat de la Alexandria la Bucure?tii Noi �n decembrie 2022.,-,V3A-93 CH-PPC
4026,B-02842,2009,Dude?ti,A primit AC �n 2019,-,V3A-93 CH-PPC
4027,B-02843,2009,Dude?ti,A primit AC �n 2019,-,V3A-93 CH-PPC
4028,B-02844,2008,Alexandria,A primit AC �n 2019,-,V3A-93 CH-PPC
4029,B-02845,2008,Alexandria,A primit AC �n 2019,-,V3A-93 CH-PPC
4030,B-02846,2008,Alexandria,A primit AC �n 2019,-,V3A-93 CH-PPC
4031,B-02847,2008,Dude?ti,-,-,V3A-93 CH-PPC
4032,B-02848,2010,Dude?ti,-,-,V3A-93 CH-PPC
4033,B-02505,2008,Alexandria,-,-,V3A-93 CH-PPC
4034,B-02849,2009,Dude?ti,A primit AC �n 2019,-,V3A-93 CH-PPC
4035,B-02850,2009,Dude?ti,A primit masc? tip Bucur-LF,-,V3A-93 CH-PPC
4036,B-02851,2008,Bucure?tii Noi - RK �n anul 2020. Transferat de la Alexandria la Bucure?tii Noi �n decembrie 2022.,-,-,V3A-93 CH-PPC
4045,B-02506,2008,Alexandria,-,-,V3A-93 CH-PPC
4046,B-02852,2009,Dude?ti,-,-,V3A-93 CH-PPC
4047,B-02853,2009,Dude?ti,Primul vagon cu AC,-,V3A-93 CH-PPC
4048,B-02854,2009,Bucure?tii Noi,Transferat de la Alexandria la Bucure?tii Noi �n decembrie 2022.,-,V3A-93 CH-PPC
4049,B-02855,2009,Dude?ti,-,-,V3A-93 CH-PPC
28,B-02670,2006,Victoria,Reparat capital �n mai 2019.,-,V3A-2S-93
34,B-03150,2006,Victoria,-,-,V3A-2S-93
36,B-03228,2006,Victoria,-,-,V3A-2S-93
37,B-02671,2006,Victoria RG la boghiuri �n Iun. 2011.,-,-,V3A-2S-93
237,B-02662,2006,Victoria RG la boghiuri �n Iun. 2013.,-,-,V3A-2S-93
245,B-03149,2006,Victoria,-,-,V3A-2S-93
4037,B-02534,2009,Victoria,-,-,V3A-2S-93
4038,B-02535,2010,Victoria,-,-,V3A-2S-93
4039,B-02536,2010,Victoria,-,-,V3A-2S-93
4040,B-02537,2010,Victoria,-,-,V3A-2S-93
4041,B-02538,2009,Victoria,-,-,V3A-2S-93
4042,B-02539,2010,Victoria,-,-,V3A-2S-93
4043,B-02540,2009,Victoria,-,-,V3A-2S-93
4044,B-02541,2009,Victoria RG la boghiuri �n Nov. 2020.,-,-,V3A-2S-93
16,B-02741,1995,2018,Colentina,RK 2008. Exploatare 30.01.2019,V3A-2010-PPC-CA
17,B-02742,1995,2020,Colentina,-,V3A-2010-PPC-CA
27,B-02744,1995,2018,Colentina,RK 2008. Ex-Titan. Exploatare 14.02.2019,V3A-2010-PPC-CA
30,B-02746,1996,2017,Colentina,Repara?ie capital? �n ianuarie 2008. Intrat �n exploatare 15.02.2018,V3A-2010-PPC-CA
44,B-02748,1995,2021,Bucure?tii Noi,-,V3A-2010-PPC-CA
45,B-02749,1995,2018,Colentina,"RK 2005, RCV dec.2011. Livrat 24.12.2018. Exploatare 21.01.2019",V3A-2010-PPC-CA
53,B-02751,1996,2016,Colentina,Repara?ie capital? �n aprilie 2007. Intrat �n exploatare 17.12.2016,V3A-2010-PPC-CA
56,B-02752,1995,2019,Colentina,Revopsit �n mai 2010. Intrat �n exploatare 09.03.2020,V3A-2010-PPC-CA
63,B-02755,1996,2015,Colentina,IIntrat �n exploatare 09.03.2016,V3A-2010-PPC-CA
67,B-02691,1996,2017,Colentina,RK 2006 ?i februarie 2010. Livrat 30.03.2018. Exploatare 02.04.2018,V3A-2010-PPC-CA
69,B-02692,1996,2018,Colentina,Repara?ie capital? �n 2007. Intrat �n exploatare 24.12.2018,V3A-2010-PPC-CA
76,B-02694,1995,2011,Alexandria,A apar?inut depoului Titan �nainte de modernizare. Exploatare 02.02.2012,V3A-2010-PPC-CA
149,B-02572,1995,2016,Titan,RK 2005. Exploatare 22.12.2016. Ex-Colentina. Vagon ?coal? din 03.2020,V3A-2010-PPC-CA
202,B-02586,1995,2018,Colentina,Exploatare 09.03.2018,V3A-2010-PPC-CA
204,B-02587,1995,2011,Alexandria,RK 2005. A apar?inut depoului Colentina. Exploatare 20.01.2012,V3A-2010-PPC-CA
210,B-02589,1996,2018,Colentina,Repara?ie capital? �n 2006. Intrat �n exploatare 16.02.2018,V3A-2010-PPC-CA
218,B-02237,1996,2021,Bucure?tii Noi,RK 2002 ?i 07.2009. Revopsit 07.2007. Ex dep BN. Ex. V3A-93M 2000.,V3A-2010-PPC-CA
242,B-02595,1995,2018,Colentina,Repara?ie capital? �n 2005. Revopsit 2010. Exploatare 12.12.2018,V3A-2010-PPC-CA
273,B-02242,1996,2021,Bucure?tii Noi,RK 2002 ?i 2012. Revopsit 12.2008. A apar?inut dep. BN. Ex. V3A-93M 2000,V3A-2010-PPC-CA
320,B-02729,1996,2020,Colentina,Repara?ie capital? �n 2006. Revopsit martie 2010.,V3A-2010-PPC-CA
350,B-02735,1995,2018,Colentina,Repara?ie capital? �n 2004 ?i martie 2012. Exploatare 31.10.2018,V3A-2010-PPC-CA
3801,B-15031,2022,Alexandria,Intrat �n exploatare 10.12.2022,-,Astra Imperio Metropolitan
3802,B-15032,2022,Alexandria,Intrat �n exploatare 10.12.2022,-,Astra Imperio Metropolitan
3803,B-15033,2022,Alexandria,Intrat �n exploatare 10.12.2022,-,Astra Imperio Metropolitan
3804,B-15034,2022,Alexandria,Intrat �n exploatare 10.12.2022,-,Astra Imperio Metropolitan
3805,B-15035,2022,Alexandria,Intrat �n exploatare 10.12.2022,-,Astra Imperio Metropolitan
3806,B-15036,2022,Alexandria,Intrat �n exploatare 10.12.2022,-,Astra Imperio Metropolitan
3807,B-15037,2022,Alexandria,Intrat �n exploatare 10.12.2022,-,Astra Imperio Metropolitan
3808,B-15038,2022,Alexandria,Intrat �n exploatare 10.12.2022,-,Astra Imperio Metropolitan
3809,B-15039,2022,Alexandria,Intrat �n exploatare 10.12.2022,-,Astra Imperio Metropolitan
3810,B-15040,2022,Alexandria,Intrat �n exploatare 10.12.2022,-,Astra Imperio Metropolitan
3811,B-15041,2022,Alexandria,Intrat �n exploatare 10.12.2022,-,Astra Imperio Metropolitan
3812,B-15042,2022,Alexandria,Intrat �n exploatare 10.12.2022,-,Astra Imperio Metropolitan
3813,B-15043,2022,Alexandria,Intrat �n exploatare 10.12.2022,-,Astra Imperio Metropolitan
3814,B-15044,2022,Alexandria,Intrat �n exploatare 11.12.2022,-,Astra Imperio Metropolitan
3815,B-15045,2022,Alexandria,Intrat �n exploatare 10.12.2022,-,Astra Imperio Metropolitan
3816,B-15056,2022,Alexandria,Intrat �n exploatare 23.12.2022,-,Astra Imperio Metropolitan
3817,B-15055,2022,Alexandria,Intrat �n exploatare 30.12.2022,-,Astra Imperio Metropolitan
3818,B-15107,2023,Alexandria,Intrat �n exploatare 27.01.2023,-,Astra Imperio Metropolitan
3819,B-15108,2023,Alexandria,Intrat �n exploatare 27.01.2023,-,Astra Imperio Metropolitan
3820,B-15126,2023,Alexandria,Intrat �n exploatare 03.02.2023,-,Astra Imperio Metropolitan
3821,B-15125,2023,Militari,Intrat �n exploatare 01.03.2023,-,Astra Imperio Metropolitan
3822,B-15161,2023,Militari,Intrat �n exploatare 01.03.2023,-,Astra Imperio Metropolitan
3823,B-15160,2023,Militari,Intrat �n exploatare 01.03.2023,-,Astra Imperio Metropolitan
3824,B-15190,2023,Militari,Intrat �n exploatare 15.03.2023,-,Astra Imperio Metropolitan
3825,B-15189,2023,Militari,Intrat �n exploatare 15.03.2023,-,Astra Imperio Metropolitan
3826,B-15206,2023,Militari,Intrat �n exploatare 21.03.2023,-,Astra Imperio Metropolitan
3827,B-15205,2023,Militari,Intrat �n exploatare 21.03.2023,-,Astra Imperio Metropolitan
3828,B-15244,2023,Militari,Intrat �n exploatare 01.04.2023,-,Astra Imperio Metropolitan
3829,B-15245,2023,Militari,Intrat �n exploatare 01.04.2023,-,Astra Imperio Metropolitan
3830,B-15282,2023,Militari,Intrat �n exploatare 20.04.2023,-,Astra Imperio Metropolitan
3831,B-15283,2023,Militari,Intrat �n exploatare 20.04.2023,-,Astra Imperio Metropolitan
3832,B-15298,2023,Militari,Intrat �n exploatare 22.04.2023,-,Astra Imperio Metropolitan
3833,B-15300,2023,Militari,Intrat �n exploatare 20.05.2023,-,Astra Imperio Metropolitan
3834,B-15310,2023,Militari,Intrat �n exploatare 20.05.2023,-,Astra Imperio Metropolitan
3835,B-15325,2023,Militari,Intrat �n exploatare 20.05.2023,-,Astra Imperio Metropolitan
3836,B-15340,2023,Militari,Intrat �n exploatare 20.05.2023,-,Astra Imperio Metropolitan
3837,B-15366,2023,Militari,Intrat �n exploatare 07.06.2023,-,Astra Imperio Metropolitan
3838,B-15367,2023,Militari,Intrat �n exploatare 07.06.2023,-,Astra Imperio Metropolitan
3839,B-15405,2023,Militari,Intrat �n exploatare 21.06.2023,-,Astra Imperio Metropolitan
3840,B-15406,2023,Militari,Intrat �n exploatare 21.06.2023,-,Astra Imperio Metropolitan
3841,B-15407,2023,Militari,Intrat �n exploatare 04.07.2023,-,Astra Imperio Metropolitan
3842,B-15449,2023,Militari,Intrat �n exploatare 04.07.2023,-,Astra Imperio Metropolitan
3843,B-15450,2023,Militari,Intrat �n exploatare 08.07.2023,-,Astra Imperio Metropolitan
3844,B-15451,2023,Militari,Intrat �n exploatare 04.07.2023,-,Astra Imperio Metropolitan
3845,B-15481,2023,Giurgiului,Intrat �n exploatare 09.08.2023,-,Astra Imperio Metropolitan
3846,B-15482,2023,Giurgiului,Intrat �n exploatare 09.08.2023,-,Astra Imperio Metropolitan
3847,B-15525,2023,Giurgiului,Intrat �n exploatare 09.08.2023,-,Astra Imperio Metropolitan
3848,B-15523,2023,Giurgiului,Intrat �n exploatare 09.08.2023,-,Astra Imperio Metropolitan
3849,B-15524,2023,Giurgiului,Intrat �n exploatare 09.08.2023,-,Astra Imperio Metropolitan
3850,B-15541,2023,Giurgiului,Intrat �n exploatare 22.08.2023,-,Astra Imperio Metropolitan
3851,B-15542,2023,Giurgiului,Intrat �n exploatare 22.08.2023,-,Astra Imperio Metropolitan
3852,B-15553,2023,Giurgiului,Intrat �n exploatare 31.08.2023,-,Astra Imperio Metropolitan
3853,B-15554,2023,Giurgiului,Intrat �n exploatare 31.08.2023,-,Astra Imperio Metropolitan
3854,B-15590,2023,Giurgiului,Intrat �n exploatare 16.09.2023,-,Astra Imperio Metropolitan
3855,B-15591,2023,Giurgiului,Intrat �n exploatare 16.09.2023,-,Astra Imperio Metropolitan
3856,B-15615,2023,Giurgiului,Intrat �n exploatare 27.09.2023,-,Astra Imperio Metropolitan
3857,B-15621,2023,Colentina,Intrat �n exploatare 02.10.2023 - Transferat de la Dude?ti �ncep�nd cu 10.01.2024.,-,Astra Imperio Metropolitan
3858,B-15625,2023,Colentina,Intrat �n exploatare 07.10.2023 - Transferat de la Dude?ti �ncep�nd cu 10.01.2024.,-,Astra Imperio Metropolitan
3859,B-15639,2023,Colentina,Intrat �n exploatare 18.10.2023 - Transferat de la Dude?ti �ncep�nd cu 10.01.2024.,-,Astra Imperio Metropolitan
3860,B-15660,2023,Colentina,Intrat �n exploatare 21.10.2023 - Transferat de la Dude?ti �ncep�nd cu 10.01.2024.,-,Astra Imperio Metropolitan
3861,B-15707,2023,Colentina,Intrat �n exploatare 31.10.2023 - Transferat de la Dude?ti �ncep�nd cu 10.01.2024.,-,Astra Imperio Metropolitan
3862,B-15713,2023,Colentina,Intrat �n exploatare 04.11.2023 - Transferat de la Dude?ti �ncep�nd cu 10.01.2024.,-,Astra Imperio Metropolitan
3863,B-15738,2023,Dude?ti,Intrat �n exploatare 25.11.2023,-,Astra Imperio Metropolitan
3864,B-15766,2023,Dude?ti,Intrat �n exploatare 25.11.2023,-,Astra Imperio Metropolitan
3865,B-15772,2023,Dude?ti,Intrat �n exploatare 06.12.2023,-,Astra Imperio Metropolitan
3866,B-15773,2023,Dude?ti,Intrat �n exploatare 06.12.2023,-,Astra Imperio Metropolitan
3867,B-15785,2023,Dude?ti,Intrat �n exploatare 12.12.2023,-,Astra Imperio Metropolitan
3868,B-15786,2023,Dude?ti,Intrat �n exploatare 16.12.2023,-,Astra Imperio Metropolitan
3869,B-15788,2023,Alexandria,Intrat �n exploatare 16.12.2023,-,Astra Imperio Metropolitan
3870,B-15801,2023,Alexandria,Intrat �n exploatare 16.12.2023,-,Astra Imperio Metropolitan
3871,B-15802,2024,Alexandria,Intrat �n exploatare 13.01.2024,-,Astra Imperio Metropolitan
3872,B-15803,2024,Alexandria,Intrat �n exploatare 20.01.2024,-,Astra Imperio Metropolitan
3873,B-15866,2024,Alexandria,Intrat �n exploatare 06.02.2024,-,Astra Imperio Metropolitan
3874,B-15891,2024,Alexandria,Intrat �n exploatare 07.02.2024,-,Astra Imperio Metropolitan
3875,B-15890,2024,Alexandria,Intrat �n exploatare 07.02.2024,-,Astra Imperio Metropolitan
3876,B-15912,2024,Alexandria,Intrat �n exploatare 16.02.2024,-,Astra Imperio Metropolitan
3877,B-15913,2024,Alexandria,Intrat �n exploatare 20.02.2024,-,Astra Imperio Metropolitan
3878,B-15914,2024,Alexandria,Intrat �n exploatare 20.02.2024,-,Astra Imperio Metropolitan
3879,B-15945,2024,Alexandria,Intrat �n exploatare 02.03.2024,-,Astra Imperio Metropolitan
3880,B-15944,2024,Alexandria,Intrat �n exploatare 05.03.2024,-,Astra Imperio Metropolitan
3881,B-15973,2024,Alexandria,Intrat �n exploatare 19.03.2024,- Transferat de la Dude?ti �ncep�nd cu 18.04.2024.,Astra Imperio Metropolitan
3882,B-16060,2024,Alexandria,Intrat �n exploatare 02.04.2024,-,Astra Imperio Metropolitan
3883,B-16078,2024,Alexandria,Intrat �n exploatare 13.04.2024,-,Astra Imperio Metropolitan
3884,B-16079,2024,Alexandria,Intrat �n exploatare 13.04.2024,-,Astra Imperio Metropolitan
3885,B-16102,2024,Dude?ti,Intrat �n exploatare 19.04.2024,-,Astra Imperio Metropolitan
3886,B-16103,2024,Dude?ti,Intrat �n exploatare 23.04.2024,-,Astra Imperio Metropolitan
3887,B-16174,2024,Dude?ti,Intrat �n exploatare 29.04.2024,-,Astra Imperio Metropolitan
3888,B-16175,2024,Giurgiului,Intrat �n exploatare 16.05.2024,- Transferat de la Dude?ti �ncep�nd cu 21.05.2024.,Astra Imperio Metropolitan
3889,B-16205,2024,Giurgiului,Intrat �n exploatare 22.05.2024,-,Astra Imperio Metropolitan
3890,B-16259,2024,Giurgiului,Intrat �n exploatare 30.05.2024,-,Astra Imperio Metropolitan
3891,B-16260,2024,Militari,Intrat �n exploatare 08.06.2024,-,Astra Imperio Metropolitan
3892,B-16294,2024,Militari,Intrat �n exploatare 10.06.2024,-,Astra Imperio Metropolitan
3893,B-16316,2024,Militari,Intrat �n exploatare 23.06.2024,-,Astra Imperio Metropolitan
3894,B-16341,2024,Giurgiului,Intrat �n exploatare 26.06.2024,-,Astra Imperio Metropolitan
3895,B-16367,2024,Giurgiului,Intrat �n exploatare 06.07.2024,-,Astra Imperio Metropolitan
3896,B-16477,2024,Dude?ti,Intrat �n exploatare 29.06.2024,-,Astra Imperio Metropolitan
3897,B-16478,2024,Alexandria,Intrat �n exploatare 13.09.2024 - Transferat de la Dude?ti �ncep�nd cu 12.10.2024.,-,Astra Imperio Metropolitan
3898,B-16532,2024,Alexandria,Intrat �n exploatare 27.09.2024,-,Astra Imperio Metropolitan
3899,B-16557,2024,Alexandria,Intrat �n exploatare 11.10.2024,-,Astra Imperio Metropolitan
3900,B-16568,2024,Dude?ti,Intrat �n exploatare 08.10.2024,-,Astra Imperio Metropolitan
